hash,image_count,image_paths
aa887c809fe1aab50a5e74a4ad6023df,3,D:/VIT TY SEM5/ML Project/FOODFRESHAI/data/raw/AgriFreshNET Freshness and Shelf-Life Image Datase/Processed Data/Processed Data/Fresh Banana(1-4)/IMG_20251104_131700306_HDR_AE~2.jpg ; D:/VIT TY SEM5/ML Project/FOODFRESHAI/data/raw/AgriFreshNET Freshness and Shelf-Life Image Datase/Processed Data/Processed Data/Fresh Banana(1-4)/IMG_20251104_131700306_HDR_AE~3.jpg ; D:/VIT TY SEM5/ML Project/FOODFRESHAI/data/raw/AgriFreshNET Freshness and Shelf-Life Image Datase/Processed Data/Processed Data/Fresh Banana(1-4)/IMG_20251104_131700306_HDR_AE~4.jpg
a07439113d08107e2cda4d9be9ab91df,5,D:/VIT TY SEM5/ML Project/FOODFRESHAI/data/raw/AgriFreshNET Freshness and Shelf-Life Image Datase/Processed Data/Processed Data/Fresh Banana(1-4)/IMG_20251104_131713223_HDR_AE~2.jpg ; D:/VIT TY SEM5/ML Project/FOODFRESHAI/data/raw/AgriFreshNET Freshness and Shelf-Life Image Datase/Processed Data/Processed Data/Fresh Banana(1-4)/IMG_20251104_131713223_HDR_AE~3.jpg ; D:/VIT TY SEM5/ML Project/FOODFRESHAI/data/raw/AgriFreshNET Freshness and Shelf-Life Image Datase/Processed Data/Processed Data/Fresh Banana(1-4)/IMG_20251104_131713223_HDR_AE~4.jpg ; D:/VIT TY SEM5/ML Project/FOODFRESHAI/data/raw/AgriFreshNET Freshness and Shelf-Life Image Datase/Processed Data/Processed Data/Fresh Banana(1-4)/IMG_20251104_131713223_HDR_AE~5.jpg ; D:/VIT TY SEM5/ML Project/FOODFRESHAI/data/raw/AgriFreshNET Freshness and Shelf-Life Image Datase/Processed Data/Processed Data/Fresh Banana(1-4)/IMG_20251104_131713223_HDR_AE~6.jpg
8ed8816070aa62b616c72744cb3fefe7,2,D:/VIT TY SEM5/ML Project/FOODFRESHAI/data/raw/AgriFreshNET Freshness and Shelf-Life Image Datase/Processed Data/Processed Data/Fresh Cucumber(1-6)/aug_365_IMG_20260204_152047.jpg ; D:/VIT TY SEM5/ML Project/FOODFRESHAI/data/raw/AgriFreshNET Freshness and Shelf-Life Image Datase/Processed Data/Processed Data/Fresh Cucumber(1-6)/IMG_20260204_152047.jpg
8a717f29def365f89326b6768206bbdf,2,D:/VIT TY SEM5/ML Project/FOODFRESHAI/data/raw/AgriFreshNET Freshness and Shelf-Life Image Datase/Processed Data/Processed Data/Fresh Orange(1-9)/IMG-20251122-WA0000.jpg ; D:/VIT TY SEM5/ML Project/FOODFRESHAI/data/raw/AgriFreshNET Freshness and Shelf-Life Image Datase/Processed Data/Processed Data/Semi fresh Orange(9-20)/IMG-20251122-WA0000.jpg
5fab0d719b4c6ca8b46d9a0dbb09d20e,2,D:/VIT TY SEM5/ML Project/FOODFRESHAI/data/raw/AgriFreshNET Freshness and Shelf-Life Image Datase/Processed Data/Processed Data/Fresh Orange(1-9)/IMG-20251122-WA0001.jpg ; D:/VIT TY SEM5/ML Project/FOODFRESHAI/data/raw/AgriFreshNET Freshness and Shelf-Life Image Datase/Processed Data/Processed Data/Semi fresh Orange(9-20)/IMG-20251122-WA0001.jpg
0fed6be899344d69dc9f6614ab4ef393,2,D:/VIT TY SEM5/ML Project/FOODFRESHAI/data/raw/AgriFreshNET Freshness and Shelf-Life Image Datase/Processed Data/Processed Data/Fresh Orange(1-9)/IMG-20251122-WA0002.jpg ; D:/VIT TY SEM5/ML Project/FOODFRESHAI/data/raw/AgriFreshNET Freshness and Shelf-Life Image Datase/Processed Data/Processed Data/Semi fresh Orange(9-20)/IMG-20251122-WA0002.jpg
c1ebb46494c427f57328664e15e4cc6b,2,D:/VIT TY SEM5/ML Project/FOODFRESHAI/data/raw/AgriFreshNET Freshness and Shelf-Life Image Datase/Processed Data/Processed Data/Fresh Orange(1-9)/IMG-20251122-WA0003.jpg ; D:/VIT TY SEM5/ML Project/FOODFRESHAI/data/raw/AgriFreshNET Freshness and Shelf-Life Image Datase/Processed Data/Processed Data/Semi fresh Orange(9-20)/IMG-20251122-WA0003.jpg
4d361528d8968cebf47fc37605722265,2,D:/VIT TY SEM5/ML Project/FOODFRESHAI/data/raw/AgriFreshNET Freshness and Shelf-Life Image Datase/Processed Data/Processed Data/Fresh Orange(1-9)/IMG-20251122-WA0004.jpg ; D:/VIT TY SEM5/ML Project/FOODFRESHAI/data/raw/AgriFreshNET Freshness and Shelf-Life Image Datase/Processed Data/Processed Data/Semi fresh Orange(9-20)/IMG-20251122-WA0004.jpg
f7edd77d3d52b1f7b50aff8d04ffbbea,2,D:/VIT TY SEM5/ML Project/FOODFRESHAI/data/raw/AgriFreshNET Freshness and Shelf-Life Image Datase/Processed Data/Processed Data/Fresh Orange(1-9)/IMG-20251122-WA0005.jpg ; D:/VIT TY SEM5/ML Project/FOODFRESHAI/data/raw/AgriFreshNET Freshness and Shelf-Life Image Datase/Processed Data/Processed Data/Semi fresh Orange(9-20)/IMG-20251122-WA0005.jpg
3a465d67b77355fc53492f0ff7b65131,2,D:/VIT TY SEM5/ML Project/FOODFRESHAI/data/raw/AgriFreshNET Freshness and Shelf-Life Image Datase/Processed Data/Processed Data/Fresh Orange(1-9)/IMG-20251122-WA0006.jpg ; D:/VIT TY SEM5/ML Project/FOODFRESHAI/data/raw/AgriFreshNET Freshness and Shelf-Life Image Datase/Processed Data/Processed Data/Semi fresh Orange(9-20)/IMG-20251122-WA0006.jpg
fcf967e6bc0358184cba09fffce2a508,2,D:/VIT TY SEM5/ML Project/FOODFRESHAI/data/raw/AgriFreshNET Freshness and Shelf-Life Image Datase/Processed Data/Processed Data/Fresh Orange(1-9)/IMG-20251122-WA0007.jpg ; D:/VIT TY SEM5/ML Project/FOODFRESHAI/data/raw/AgriFreshNET Freshness and Shelf-Life Image Datase/Processed Data/Processed Data/Semi fresh Orange(9-20)/IMG-20251122-WA0007.jpg
34313129e83c764d0b94ed01004f8102,2,D:/VIT TY SEM5/ML Project/FOODFRESHAI/data/raw/AgriFreshNET Freshness and Shelf-Life Image Datase/Processed Data/Processed Data/Fresh Orange(1-9)/IMG-20251122-WA0008.jpg ; D:/VIT TY SEM5/ML Project/FOODFRESHAI/data/raw/AgriFreshNET Freshness and Shelf-Life Image Datase/Processed Data/Processed Data/Semi fresh Orange(9-20)/IMG-20251122-WA0008.jpg
e5e56314e4255cfd24f57e838fbe610f,2,D:/VIT TY SEM5/ML Project/FOODFRESHAI/data/raw/AgriFreshNET Freshness and Shelf-Life Image Datase/Processed Data/Processed Data/Fresh Orange(1-9)/IMG-20251122-WA0009.jpg ; D:/VIT TY SEM5/ML Project/FOODFRESHAI/data/raw/AgriFreshNET Freshness and Shelf-Life Image Datase/Processed Data/Processed Data/Semi fresh Orange(9-20)/IMG-20251122-WA0009.jpg
d1924c4d74765f1ddaf5ec0b0fbf20ae,2,D:/VIT TY SEM5/ML Project/FOODFRESHAI/data/raw/AgriFreshNET Freshness and Shelf-Life Image Datase/Processed Data/Processed Data/Fresh Orange(1-9)/IMG-20251122-WA0010.jpg ; D:/VIT TY SEM5/ML Project/FOODFRESHAI/data/raw/AgriFreshNET Freshness and Shelf-Life Image Datase/Processed Data/Processed Data/Semi fresh Orange(9-20)/IMG-20251122-WA0010.jpg
50adbd827a9b00c4df40b88c66a99f56,2,D:/VIT TY SEM5/ML Project/FOODFRESHAI/data/raw/AgriFreshNET Freshness and Shelf-Life Image Datase/Processed Data/Processed Data/Fresh Orange(1-9)/IMG-20251122-WA0011.jpg ; D:/VIT TY SEM5/ML Project/FOODFRESHAI/data/raw/AgriFreshNET Freshness and Shelf-Life Image Datase/Processed Data/Processed Data/Semi fresh Orange(9-20)/IMG-20251122-WA0011.jpg
54aded048a0a34e0ba627cf811171b10,2,D:/VIT TY SEM5/ML Project/FOODFRESHAI/data/raw/AgriFreshNET Freshness and Shelf-Life Image Datase/Processed Data/Processed Data/Fresh Orange(1-9)/IMG-20251122-WA0012.jpg ; D:/VIT TY SEM5/ML Project/FOODFRESHAI/data/raw/AgriFreshNET Freshness and Shelf-Life Image Datase/Processed Data/Processed Data/Semi fresh Orange(9-20)/IMG-20251122-WA0012.jpg
292f01f66ee041ec27cf958573d522e4,2,D:/VIT TY SEM5/ML Project/FOODFRESHAI/data/raw/AgriFreshNET Freshness and Shelf-Life Image Datase/Processed Data/Processed Data/Fresh Orange(1-9)/IMG-20251122-WA0013.jpg ; D:/VIT TY SEM5/ML Project/FOODFRESHAI/data/raw/AgriFreshNET Freshness and Shelf-Life Image Datase/Processed Data/Processed Data/Semi fresh Orange(9-20)/IMG-20251122-WA0013.jpg
533b8ac43f54739f85319446f209d3cc,2,D:/VIT TY SEM5/ML Project/FOODFRESHAI/data/raw/AgriFreshNET Freshness and Shelf-Life Image Datase/Processed Data/Processed Data/Fresh Orange(1-9)/IMG-20251122-WA0014.jpg ; D:/VIT TY SEM5/ML Project/FOODFRESHAI/data/raw/AgriFreshNET Freshness and Shelf-Life Image Datase/Processed Data/Processed Data/Semi fresh Orange(9-20)/IMG-20251122-WA0014.jpg
c86d837c9041aab06a737979d500decc,2,D:/VIT TY SEM5/ML Project/FOODFRESHAI/data/raw/AgriFreshNET Freshness and Shelf-Life Image Datase/Processed Data/Processed Data/Fresh Orange(1-9)/IMG-20251122-WA0015.jpg ; D:/VIT TY SEM5/ML Project/FOODFRESHAI/data/raw/AgriFreshNET Freshness and Shelf-Life Image Datase/Processed Data/Processed Data/Semi fresh Orange(9-20)/IMG-20251122-WA0015.jpg
5255a916f00d5d3d6630b6a8bb1b7b33,2,D:/VIT TY SEM5/ML Project/FOODFRESHAI/data/raw/AgriFreshNET Freshness and Shelf-Life Image Datase/Processed Data/Processed Data/Fresh Orange(1-9)/IMG_20251116_220609831_HDR.jpg ; D:/VIT TY SEM5/ML Project/FOODFRESHAI/data/raw/AgriFreshNET Freshness and Shelf-Life Image Datase/Processed Data/Processed Data/Semi fresh Orange(9-20)/IMG_20251116_220609831_HDR.jpg
49556b133d600362ddd9c8e2180c4700,2,D:/VIT TY SEM5/ML Project/FOODFRESHAI/data/raw/AgriFreshNET Freshness and Shelf-Life Image Datase/Processed Data/Processed Data/Fresh Papaya(1-4)/aug_124_IMG_20251123_012946.jpg ; D:/VIT TY SEM5/ML Project/FOODFRESHAI/data/raw/AgriFreshNET Freshness and Shelf-Life Image Datase/Processed Data/Processed Data/Fresh Papaya(1-4)/IMG_20251123_012946.jpg
d3b32b10ec32b4d8724a8c03b84f8731,2,D:/VIT TY SEM5/ML Project/FOODFRESHAI/data/raw/AgriFreshNET Freshness and Shelf-Life Image Datase/Processed Data/Processed Data/Fresh Papaya(1-4)/aug_430_IMG_20260116_030551.jpg ; D:/VIT TY SEM5/ML Project/FOODFRESHAI/data/raw/AgriFreshNET Freshness and Shelf-Life Image Datase/Processed Data/Processed Data/Fresh Papaya(1-4)/IMG_20260116_030551.jpg
91ba7e6f493cee301a577f0968643f0e,2,D:/VIT TY SEM5/ML Project/FOODFRESHAI/data/raw/AgriFreshNET Freshness and Shelf-Life Image Datase/Processed Data/Processed Data/Fresh Papaya(1-4)/aug_70_IMG_20251121_081111.jpg ; D:/VIT TY SEM5/ML Project/FOODFRESHAI/data/raw/AgriFreshNET Freshness and Shelf-Life Image Datase/Processed Data/Processed Data/Fresh Papaya(1-4)/IMG_20251121_081111.jpg
831083098f4dd9cf1d0ae406ef5ca49f,2,D:/VIT TY SEM5/ML Project/FOODFRESHAI/data/raw/AgriFreshNET Freshness and Shelf-Life Image Datase/Processed Data/Processed Data/Rotten Bittermelon(5-8)/aug_92_IMG_20260122_003428.jpg ; D:/VIT TY SEM5/ML Project/FOODFRESHAI/data/raw/AgriFreshNET Freshness and Shelf-Life Image Datase/Processed Data/Processed Data/Rotten Bittermelon(5-8)/IMG_20260122_003428.jpg
a3b688a3eb236bc79d41ffcfdcb211ef,2,D:/VIT TY SEM5/ML Project/FOODFRESHAI/data/raw/AgriFreshNET Freshness and Shelf-Life Image Datase/Processed Data/Processed Data/Rotten Orange(20-35)/aug_276_IMG-20251230-WA0034.jpg ; D:/VIT TY SEM5/ML Project/FOODFRESHAI/data/raw/AgriFreshNET Freshness and Shelf-Life Image Datase/Processed Data/Processed Data/Rotten Orange(20-35)/IMG-20251230-WA0034.jpg
2fcf72391a91c13595513ec92c7fa3fe,2,D:/VIT TY SEM5/ML Project/FOODFRESHAI/data/raw/AgriFreshNET Freshness and Shelf-Life Image Datase/Processed Data/Processed Data/Rotten Orange(20-35)/aug_98_IMG-20251114-WA0004.jpg ; D:/VIT TY SEM5/ML Project/FOODFRESHAI/data/raw/AgriFreshNET Freshness and Shelf-Life Image Datase/Processed Data/Processed Data/Rotten Orange(20-35)/IMG-20251114-WA0004.jpg
6a8ca30025aee21798ed79d862581760,2,D:/VIT TY SEM5/ML Project/FOODFRESHAI/data/raw/AgriFreshNET Freshness and Shelf-Life Image Datase/Processed Data/Processed Data/Semi fresh banana(4-7)/aug_205_IMG_20251123_110010767_HDR_AE.jpg ; D:/VIT TY SEM5/ML Project/FOODFRESHAI/data/raw/AgriFreshNET Freshness and Shelf-Life Image Datase/Processed Data/Processed Data/Semi fresh banana(4-7)/IMG_20251123_110010767_HDR_AE.jpg
cf730c43954c282019d8202fd2c659cb,2,D:/VIT TY SEM5/ML Project/FOODFRESHAI/data/raw/AgriFreshNET Freshness and Shelf-Life Image Datase/Processed Data/Processed Data/Semi fresh banana(4-7)/IMG_20251107_113837338_HDR_AE(1).jpg ; D:/VIT TY SEM5/ML Project/FOODFRESHAI/data/raw/AgriFreshNET Freshness and Shelf-Life Image Datase/Processed Data/Processed Data/Semi fresh banana(4-7)/IMG_20251107_113837338_HDR_AE.jpg
f5ad84d43db55c97064d10e602335543,2,D:/VIT TY SEM5/ML Project/FOODFRESHAI/data/raw/AgriFreshNET Freshness and Shelf-Life Image Datase/Processed Data/Processed Data/Semi Fresh Bittermelon ( 3-5)/aug_106_IMG_20260116_025922.jpg ; D:/VIT TY SEM5/ML Project/FOODFRESHAI/data/raw/AgriFreshNET Freshness and Shelf-Life Image Datase/Processed Data/Processed Data/Semi Fresh Bittermelon ( 3-5)/IMG_20260116_025922.jpg
7e4515575420f6f67419776ebac9759d,2,D:/VIT TY SEM5/ML Project/FOODFRESHAI/data/raw/AgriFreshNET Freshness and Shelf-Life Image Datase/Processed Data/Processed Data/Semi Fresh Bittermelon ( 3-5)/aug_167_IMG_20251123_013340.jpg ; D:/VIT TY SEM5/ML Project/FOODFRESHAI/data/raw/AgriFreshNET Freshness and Shelf-Life Image Datase/Processed Data/Processed Data/Semi Fresh Bittermelon ( 3-5)/IMG_20251123_013340.jpg
2fbd7d5263f56cecc69e743d733d6fd1,2,D:/VIT TY SEM5/ML Project/FOODFRESHAI/data/raw/AgriFreshNET Freshness and Shelf-Life Image Datase/Processed Data/Processed Data/Semi fresh Orange(9-20)/aug_159_IMG_20251113_124206908_HDR_AE.jpg ; D:/VIT TY SEM5/ML Project/FOODFRESHAI/data/raw/AgriFreshNET Freshness and Shelf-Life Image Datase/Processed Data/Processed Data/Semi fresh Orange(9-20)/IMG_20251113_124206908_HDR_AE.jpg
34df3877ccfb2b559881f7fd3e13b899,2,D:/VIT TY SEM5/ML Project/FOODFRESHAI/data/raw/AgriFreshNET Freshness and Shelf-Life Image Datase/Processed Data/Processed Data/Semi fresh Orange(9-20)/aug_23_IMG_20251201_133050303_HDR.jpg ; D:/VIT TY SEM5/ML Project/FOODFRESHAI/data/raw/AgriFreshNET Freshness and Shelf-Life Image Datase/Processed Data/Processed Data/Semi fresh Orange(9-20)/IMG_20251201_133050303_HDR.jpg
411354b3d3bb00a6a0a429689cd5f053,2,D:/VIT TY SEM5/ML Project/FOODFRESHAI/data/raw/AgriFreshNET Freshness and Shelf-Life Image Datase/Processed Data/Processed Data/Semi Fresh Papaya(4-7)/aug_348_IMG_20251031_164000.jpg ; D:/VIT TY SEM5/ML Project/FOODFRESHAI/data/raw/AgriFreshNET Freshness and Shelf-Life Image Datase/Processed Data/Processed Data/Semi Fresh Papaya(4-7)/aug_467_IMG_20251031_164000.jpg
161a397a0d9618822f1157103a58645b,2,D:/VIT TY SEM5/ML Project/FOODFRESHAI/data/raw/AgriFreshNET Freshness and Shelf-Life Image Datase/Processed Data/Processed Data/Semi fresh Pineapple (15-25)/aug_66_IMG-20251207-WA0024.jpg ; D:/VIT TY SEM5/ML Project/FOODFRESHAI/data/raw/AgriFreshNET Freshness and Shelf-Life Image Datase/Processed Data/Processed Data/Semi fresh Pineapple (15-25)/IMG-20251207-WA0024.jpg
7a41781f843916ad230ec341e1e43f4c,2,D:/VIT TY SEM5/ML Project/FOODFRESHAI/data/raw/AgriFreshNET Freshness and Shelf-Life Image Datase/Processed Data/Processed Data/Semi fresh Tomato(10-24)/IMG_20251201_185705406_HDR(1).jpg ; D:/VIT TY SEM5/ML Project/FOODFRESHAI/data/raw/AgriFreshNET Freshness and Shelf-Life Image Datase/Processed Data/Processed Data/Semi fresh Tomato(10-24)/IMG_20251201_185705406_HDR.jpg
117c9afb7d3a8972339e0eaf4c9c5f44,2,D:/VIT TY SEM5/ML Project/FOODFRESHAI/data/raw/AgriFreshNET Freshness and Shelf-Life Image Datase/Processed Data/Processed Data/Semi fresh Tomato(10-24)/IMG_20251201_185755067_HDR(1).jpg ; D:/VIT TY SEM5/ML Project/FOODFRESHAI/data/raw/AgriFreshNET Freshness and Shelf-Life Image Datase/Processed Data/Processed Data/Semi fresh Tomato(10-24)/IMG_20251201_185755067_HDR.jpg
