food_class,fruits360_train,agrifreshnet,manual_real_world,total_train,validation,benchmark_test,real_world_test
Apple,13259,0,0,13259,3312,5506,0
Avocado,2449,0,0,2449,611,1017,0
Banana,1533,1236,0,2769,648,645,270
Cherry,7346,0,0,7346,1836,3048,0
Corn,730,0,0,730,182,304,0
Cucumber,4979,1219,0,6198,1520,2065,277
Eggplant,566,1232,0,1798,409,236,271
Grape,3680,0,0,3680,919,1538,0
Guava,392,0,0,392,98,166,0
Lemon,786,0,0,786,196,330,0
Mango,973,0,0,973,243,410,0
Onion,2502,0,0,2502,626,1045,0
Orange,2660,1234,0,3894,930,1102,271
Papaya,974,1234,0,2208,503,404,276
Peach,3843,0,0,3843,960,1597,0
Pear,9825,0,0,9825,2456,4087,0
Pepper,4995,0,0,4995,1247,2074,0
Pineapple,786,1231,0,2017,465,329,271
Plum,2514,0,0,2514,629,1053,0
Pomegranate,394,0,0,394,98,164,0
Potato,1442,0,0,1442,361,601,0
Strawberry,1745,0,0,1745,436,725,0
Tomato,8208,1238,0,9446,2315,3413,268
Watermelon,380,0,0,380,95,157,0
