image_source,actual_food,domain_type,in_model_vocabulary,predicted_food,confidence_pct,top_3_predictions,correct
D:/VIT TY SEM5/ML Project/FOODFRESHAI/data/raw/fruits-360-100x100-main/Test/Apple 10/r0_103_100.jpg,Apple,In-Domain (Fruits-360 Test),True,Apple,100.0,"[{'food': 'Apple', 'confidence': 100.0}, {'food': 'Grape', 'confidence': 0.0}, {'food': 'Tomato', 'confidence': 0.0}]",True
D:/VIT TY SEM5/ML Project/FOODFRESHAI/data/raw/fruits-360-100x100-main/Test/Banana 1/100_100.jpg,Banana,In-Domain (Fruits-360 Test),True,Banana,100.0,"[{'food': 'Banana', 'confidence': 100.0}, {'food': 'Pear', 'confidence': 0.0}, {'food': 'Pepper', 'confidence': 0.0}]",True
D:/VIT TY SEM5/ML Project/FOODFRESHAI/data/raw/fruits-360-100x100-main/Test/Orange 1/30_100.jpg,Orange,In-Domain (Fruits-360 Test),True,Orange,100.0,"[{'food': 'Orange', 'confidence': 100.0}, {'food': 'Papaya', 'confidence': 0.0}, {'food': 'Apple', 'confidence': 0.0}]",True
D:/VIT TY SEM5/ML Project/FOODFRESHAI/data/raw/fruits-360-100x100-main/Test/Tomato 1/10_100.jpg,Tomato,In-Domain (Fruits-360 Test),True,Tomato,100.0,"[{'food': 'Tomato', 'confidence': 100.0}, {'food': 'Pepper', 'confidence': 0.0}, {'food': 'Apple', 'confidence': 0.0}]",True
D:/VIT TY SEM5/ML Project/FOODFRESHAI/data/raw/fruits-360-100x100-main/Test/Pineapple 1/12_100.jpg,Pineapple,In-Domain (Fruits-360 Test),True,Pineapple,100.0,"[{'food': 'Pineapple', 'confidence': 100.0}, {'food': 'Apple', 'confidence': 0.0}, {'food': 'Eggplant', 'confidence': 0.0}]",True
data/raw/fruits-360-100x100-main/Test/Pomegranate 1/321_100.jpg,Pomegranate,Out-of-Vocabulary (Fruits-360 Test),False,Apple,97.6,"[{'food': 'Apple', 'confidence': 97.6}, {'food': 'Grape', 'confidence': 1.1}, {'food': 'Pear', 'confidence': 1.0}]",False
data/raw/fruits-360-100x100-main/Test/Pomegranate 1/322_100.jpg,Pomegranate,Out-of-Vocabulary (Fruits-360 Test),False,Apple,97.6,"[{'food': 'Apple', 'confidence': 97.6}, {'food': 'Pear', 'confidence': 1.7}, {'food': 'Peach', 'confidence': 0.3}]",False
data/raw/fruits-360-100x100-main/Test/Pomegranate 1/323_100.jpg,Pomegranate,Out-of-Vocabulary (Fruits-360 Test),False,Apple,86.5,"[{'food': 'Apple', 'confidence': 86.5}, {'food': 'Pear', 'confidence': 12.7}, {'food': 'Papaya', 'confidence': 0.6}]",False
data/raw/fruits-360-100x100-main/Test/Pomegranate 1/324_100.jpg,Pomegranate,Out-of-Vocabulary (Fruits-360 Test),False,Apple,96.8,"[{'food': 'Apple', 'confidence': 96.8}, {'food': 'Pear', 'confidence': 2.7}, {'food': 'Grape', 'confidence': 0.2}]",False
data/raw/fruits-360-100x100-main/Test/Pomegranate 1/325_100.jpg,Pomegranate,Out-of-Vocabulary (Fruits-360 Test),False,Apple,97.3,"[{'food': 'Apple', 'confidence': 97.3}, {'food': 'Pear', 'confidence': 1.8}, {'food': 'Peach', 'confidence': 0.7}]",False
User Upload: Real-World Kitchen Pomegranate Photo,Pomegranate,Real-World (User Camera/Upload),False,Apple,76.7,"[{'food': 'Apple', 'confidence': 76.7}, {'food': 'Cucumber', 'confidence': 15.5}, {'food': 'Banana', 'confidence': 4.8}]",False
