class_id,food_type,precision,recall,f1_score,support
0,Apple,99.64,100.0,99.82,5506
1,Avocado,99.22,100.0,99.61,1017
2,Banana,100.0,100.0,100.0,645
3,Cherry,100.0,100.0,100.0,3048
4,Corn,100.0,87.5,93.33,304
5,Cucumber,98.65,98.79,98.72,2065
6,Eggplant,100.0,86.86,92.97,236
7,Grape,100.0,100.0,100.0,1538
8,Guava,98.81,100.0,99.4,166
9,Lemon,97.63,100.0,98.8,330
10,Mango,100.0,100.0,100.0,410
11,Onion,99.15,100.0,99.57,1045
12,Orange,99.91,100.0,99.95,1102
13,Papaya,100.0,100.0,100.0,404
14,Peach,98.95,100.0,99.47,1597
15,Pear,99.68,99.63,99.66,4087
16,Pepper,98.06,100.0,99.02,2074
17,Pineapple,100.0,100.0,100.0,329
18,Plum,100.0,100.0,100.0,1053
19,Pomegranate,100.0,100.0,100.0,164
20,Potato,99.33,99.0,99.17,601
21,Strawberry,99.72,100.0,99.86,725
22,Tomato,99.97,98.86,99.41,3413
23,Watermelon,100.0,100.0,100.0,157
