epoch,train_loss,val_loss,val_accuracy,val_balanced_accuracy,val_macro_f1,val_weighted_f1
1,0.5271441588637891,0.44805533705512607,0.8371656499296105,0.8369383687318818,0.8326287509382312,0.8328903276943377
2,0.30301246983180574,0.37242649942426714,0.8686062881276396,0.8683015768035623,0.8660264809223674,0.86627671985727
3,0.2420746534216133,0.41573919287691763,0.8620366025340216,0.861511031104925,0.8602047489636231,0.8605508469656357
4,0.19410710868292622,0.39293740102204006,0.8728296574378226,0.8722468642737858,0.872772795219,0.8730403211396289
5,0.1712193593818259,0.361526720225811,0.8709526044110746,0.8711901101311085,0.8690310352810623,0.8693597572864965
6,0.1327896525587451,0.377478340652027,0.8761145002346317,0.8764325063220758,0.873648282182926,0.8740600513734049
7,0.11482306050934962,0.35729966334902896,0.8883153449084936,0.8882047063900206,0.8842881678603965,0.8844241967761043
8,0.1092823474537944,0.26454782119026937,0.9272641952135148,0.9272766703541483,0.9261200175521848,0.9262523071912065
9,0.0683387801143365,0.325382955359441,0.9099014547160957,0.9100336644045868,0.9085321130652195,0.9087508208861232
10,0.06890934661927318,0.24776666925268195,0.9164711403097138,0.9164495257772248,0.9159513401200662,0.9161563303449036
11,0.06436318357765385,0.4087426109302392,0.9155326137963398,0.9158226368750345,0.914806586436665,0.9149753490727008
12,0.043680505437380335,0.31930322446679005,0.9225715626466447,0.9226100651813249,0.9218185988949572,0.9220366775135643
13,0.03609093253265661,0.2785913849788456,0.9291412482402628,0.9291200902225256,0.9286878263041598,0.9287895862477556
14,0.02327561101879223,0.4532019316777325,0.9291412482402628,0.929144616313792,0.9285685035101068,0.9287460576397895
15,0.02092840174812515,0.38400666308705095,0.9343031440638198,0.9343446862985525,0.9334746436934777,0.933573246314589
16,0.016768630215429094,0.3370797259631252,0.9338338808071328,0.9338614960665054,0.9332252764855241,0.9333419185518388
17,0.015130932313246824,0.32220201122328457,0.9389957766306898,0.9390101360546957,0.9384125387418559,0.9384876695135916
18,0.010593855480928815,0.34955160657863005,0.9357109338338808,0.9357349456051177,0.9350085302755703,0.935100442047516
19,0.010105057037577211,0.35291075438879654,0.9333646175504458,0.9334273580169911,0.9326689637166017,0.9327743252670929
20,0.009509281373314703,0.3369580503023629,0.9366494603472548,0.9366526813524648,0.936001177098332,0.9360978718076904
