category_level,food_type,freshness_label,train_count,val_count,test_count,total_count,train_pct,val_pct,test_pct
overall_freshness,ALL,Fresh,3296,699,725,4720,69.83,14.81,15.36
overall_freshness,ALL,Semi-Fresh,3295,709,716,4720,69.81,15.02,15.17
overall_freshness,ALL,Rotten,3265,723,732,4720,69.17,15.32,15.51
food_x_freshness,Banana,Fresh,411,90,89,590,69.66,15.25,15.08
food_x_freshness,Banana,Semi-Fresh,413,87,90,590,70.0,14.75,15.25
food_x_freshness,Banana,Rotten,412,87,91,590,69.83,14.75,15.42
food_x_freshness,Bittermelon,Fresh,412,88,90,590,69.83,14.92,15.25
food_x_freshness,Bittermelon,Semi-Fresh,410,91,89,590,69.49,15.42,15.08
food_x_freshness,Bittermelon,Rotten,410,90,90,590,69.49,15.25,15.25
food_x_freshness,Cucumber,Fresh,413,88,89,590,70.0,14.92,15.08
food_x_freshness,Cucumber,Semi-Fresh,413,88,89,590,70.0,14.92,15.08
food_x_freshness,Cucumber,Rotten,393,98,99,590,66.61,16.61,16.78
food_x_freshness,Eggplant,Fresh,413,82,95,590,70.0,13.9,16.1
food_x_freshness,Eggplant,Semi-Fresh,412,91,87,590,69.83,15.42,14.75
food_x_freshness,Eggplant,Rotten,407,94,89,590,68.98,15.93,15.08
food_x_freshness,Orange,Fresh,409,90,91,590,69.32,15.25,15.42
food_x_freshness,Orange,Semi-Fresh,415,88,87,590,70.34,14.92,14.75
food_x_freshness,Orange,Rotten,410,87,93,590,69.49,14.75,15.76
food_x_freshness,Papaya,Fresh,413,84,93,590,70.0,14.24,15.76
food_x_freshness,Papaya,Semi-Fresh,408,89,93,590,69.15,15.08,15.76
food_x_freshness,Papaya,Rotten,413,87,90,590,70.0,14.75,15.25
food_x_freshness,Pineapple,Fresh,412,89,89,590,69.83,15.08,15.08
food_x_freshness,Pineapple,Semi-Fresh,411,87,92,590,69.66,14.75,15.59
food_x_freshness,Pineapple,Rotten,408,92,90,590,69.15,15.59,15.25
food_x_freshness,Tomato,Fresh,413,88,89,590,70.0,14.92,15.08
food_x_freshness,Tomato,Semi-Fresh,413,88,89,590,70.0,14.92,15.08
food_x_freshness,Tomato,Rotten,412,88,90,590,69.83,14.92,15.25
