class_id,food_type,train_count,val_count,test_count,total_count,train_pct,val_pct,test_pct
0,Apple,13259,3312,5506,22077,60.06,15.0,24.94
1,Avocado,2449,611,1017,4077,60.07,14.99,24.94
2,Banana,1533,384,645,2562,59.84,14.99,25.18
3,Cherry,7346,1836,3048,12230,60.07,15.01,24.92
4,Corn,730,182,304,1216,60.03,14.97,25.0
5,Cucumber,4979,1246,2065,8290,60.06,15.03,24.91
6,Eggplant,566,142,236,944,59.96,15.04,25.0
7,Grape,3680,919,1538,6137,59.96,14.97,25.06
8,Guava,392,98,166,656,59.76,14.94,25.3
9,Lemon,786,196,330,1312,59.91,14.94,25.15
10,Mango,973,243,410,1626,59.84,14.94,25.22
11,Onion,2502,626,1045,4173,59.96,15.0,25.04
12,Orange,2660,665,1102,4427,60.09,15.02,24.89
13,Papaya,974,243,404,1621,60.09,14.99,24.92
14,Peach,3843,960,1597,6400,60.05,15.0,24.95
15,Pear,9825,2456,4087,16368,60.03,15.0,24.97
16,Pepper,4995,1247,2074,8316,60.06,15.0,24.94
17,Pineapple,786,197,329,1312,59.91,15.02,25.08
18,Plum,2514,629,1053,4196,59.91,14.99,25.1
19,Pomegranate,394,98,164,656,60.06,14.94,25.0
20,Potato,1442,361,601,2404,59.98,15.02,25.0
21,Strawberry,1745,436,725,2906,60.05,15.0,24.95
22,Tomato,8208,2051,3413,13672,60.04,15.0,24.96
23,Watermelon,380,95,157,632,60.13,15.03,24.84
