food_name,overlap_status,fruits360_train,fruits360_val,fruits360_test,fruits360_total,agrifreshnet_fresh,agrifreshnet_semi_fresh,agrifreshnet_rotten,agrifreshnet_total,combined_total_images
Apple,Fruits360-Only,13259,3312,5506,22077,0,0,0,0,22077
Avocado,Fruits360-Only,2449,611,1017,4077,0,0,0,0,4077
Banana,Overlapping,1533,384,645,2562,590,590,590,1770,4332
Cherry,Fruits360-Only,7346,1836,3048,12230,0,0,0,0,12230
Corn,Fruits360-Only,730,182,304,1216,0,0,0,0,1216
Cucumber,Overlapping,4979,1246,2065,8290,590,590,590,1770,10060
Eggplant,Overlapping,566,142,236,944,590,590,590,1770,2714
Grape,Fruits360-Only,3680,919,1538,6137,0,0,0,0,6137
Guava,Fruits360-Only,392,98,166,656,0,0,0,0,656
Lemon,Fruits360-Only,786,196,330,1312,0,0,0,0,1312
Mango,Fruits360-Only,973,243,410,1626,0,0,0,0,1626
Onion,Fruits360-Only,2502,626,1045,4173,0,0,0,0,4173
Orange,Overlapping,2660,665,1102,4427,590,590,590,1770,6197
Papaya,Overlapping,974,243,404,1621,590,590,590,1770,3391
Peach,Fruits360-Only,3843,960,1597,6400,0,0,0,0,6400
Pear,Fruits360-Only,9825,2456,4087,16368,0,0,0,0,16368
Pepper,Fruits360-Only,4995,1247,2074,8316,0,0,0,0,8316
Pineapple,Overlapping,786,197,329,1312,590,590,590,1770,3082
Plum,Fruits360-Only,2514,629,1053,4196,0,0,0,0,4196
Pomegranate,Fruits360-Only,394,98,164,656,0,0,0,0,656
Potato,Fruits360-Only,1442,361,601,2404,0,0,0,0,2404
Strawberry,Fruits360-Only,1745,436,725,2906,0,0,0,0,2906
Tomato,Overlapping,8208,2051,3413,13672,590,590,590,1770,15442
Watermelon,Fruits360-Only,380,95,157,632,0,0,0,0,632
